Boosting,,,
,MSE,Standard error,Median squared error
,205.9521492,452.3910737,30.13373713
,47.04572399,81.02412513,17.54386574
,74.37558827,334.1701563,10.01321542
,124.151551,272.7939512,30.30787178
,330.6398792,1120.901206,50.11469395
,5.756613494,11.95922864,1.443294618
,1.936194667,3.330162258,0.705007769
