MAVE,,,
,MSE,Standard error,Median squared error
,2.097888721,7.1182844,0.671689183
,8.208630039,11.191475,3.481497573
,9.84451769,65.99749318,1.410610126
,43.63657781,244.2998024,5.662611881
,30.6405813,64.02077264,9.601680261
,0.633261256,0.954827866,0.262422833
,1.142916583,2.130461986,0.451927351
