Random Forest,,,
,MSE,Standard error,Median squared error
,85.91468467,249.5321373,7.402483925
,38.68598128,107.4278775,8.683332996
,53.04847667,359.9525977,1.909147472
,68.57651634,197.383282,16.01441598
,164.3186621,415.5942981,18.16514787
,2.511823148,5.257126431,0.69958476
,1.482125158,2.912806157,0.42606746
